INSERT INTO CURRENCY
(CURRENCY_ID, CURRENCY_DESC, CURRENCY_MNEMONIC, CURRENCY_FRACTION, CLIENT_CODE, CURRENCY_THOUSAND_SEPARATOR, CURRENCY_DECIMAL_SEPARATOR)
VALUES(1000, 'PESOS ARGENTINOS', 'ARS', 2, '0', '.', ',');
INSERT INTO CURRENCY
(CURRENCY_ID, CURRENCY_DESC, CURRENCY_MNEMONIC, CURRENCY_FRACTION, CLIENT_CODE, CURRENCY_THOUSAND_SEPARATOR, CURRENCY_DECIMAL_SEPARATOR)
VALUES(2000, 'DOLARES ESTADOUNIDENSES', 'USD', 2, '31', '.', ',');
INSERT INTO CURRENCY
(CURRENCY_ID, CURRENCY_DESC, CURRENCY_MNEMONIC, CURRENCY_FRACTION, CLIENT_CODE, CURRENCY_THOUSAND_SEPARATOR, CURRENCY_DECIMAL_SEPARATOR)
VALUES(3000, 'EUROS', 'EUR', 2, '', '.', ',');

INSERT INTO PAYMENT_TYPE
(PAYMENT_TYPE_ID, PAYMENT_TYPE_DESC, PAYMENT_TYPE_NOMENCLATURE, CLIENT_CODE, PAYMENT_TYPE_IS_ACTIVE, PAYMENT_TYPE_CONTROL_NUMBER)
VALUES(2000, 'TARJETA DE CREDITO', 'TC', 'TA', NULL, NULL);
INSERT INTO PAYMENT_TYPE
(PAYMENT_TYPE_ID, PAYMENT_TYPE_DESC, PAYMENT_TYPE_NOMENCLATURE, CLIENT_CODE, PAYMENT_TYPE_IS_ACTIVE, PAYMENT_TYPE_CONTROL_NUMBER)
VALUES(4000, 'DEBITO EN CUENTA', 'DC', '89503', 1, NULL);

INSERT INTO PAYMENT_TERM (PAYMENT_TERM_ID,PARTY_ID,PAYMENT_TYPE_ID,CREDIT_CARD_ID,CURRENCY_ID,ACCOUNT_NBR,INTER_ACCOUNT_NBR,EXPIRATION,PAYMENT_KEY,REQUIRES_RECEIPT,BANK_ID,BANK_BRANCH_ID,PERIOD_ID,PARTY_BANK_ACCOUNT_ID) VALUES
(1,10910,4000,NULL,1000,NULL,'l/K51JlPpOAOU0P+sFC6Zo51if0Bti7j6Qc+/KicHEk=',NULL,NULL,NULL,36,1,5,21)
,(2,10903,2000,1,1000,'gHkPTeZmOZq6nze2Aw50uC8ExDfKctgqh6QAYt96QLE=','140671213-x94NSvtI9FDyNs','2024-08-01 00:00:00.000','313545816',NULL,1,1,5,NULL)
,(3,10998,4000,NULL,1000,NULL,'h6fj5zcVAWR4sqUoN9FBXASr0czCTwl52E00wdJf+Zs=',NULL,NULL,NULL,36,1,5,22)
,(4,11001,4000,NULL,1000,NULL,'nNlInXWCEDIt2gOLVVDKm1PCcpk5W62VDof3hjSbOMs=',NULL,NULL,NULL,49,1,5,23)
,(5,9999,2000,1,1000,'qMnGF8608NVgKR74+qLkRuuM67KRemmSOB1o4ZIs7RA=','173628080-xk0w1S4pIErUsg','2025-01-01 00:00:00.000','308715644',NULL,36,1,5,NULL)
;

INSERT INTO CONTRACT_HEADER
(CONTRACT_ID, AGENCY_ID, INSURER_ID, PAYMENT_PLAN_ID, PAYMENT_TERM_ID, INSURED_PARTY_ID, HOLDER_PARTY_ID, SECTION_ID, SUB_SECTION, COVERAGE_PLAN_ID, CONTRACT_FROM, CONTRACT_TO, CURRENCY_ID, CONTRACT_ISSUANCE_DATE, SALES_CHANNEL_ID, COINSURANCE_TRANSFER_RATE, COINSURANCE_CONTRACT_ID, CONTRACT_TRX_ID, CLIENT_CODE, REINSURANCE_PROGRAM_ID, REINSURANCE_CONTRACT_ID)
VALUES(218, 1, 1017, 1000, 1, 10910, 10910, 1, 1, 3, '2019-12-09 00:00:00.000', NULL, 1000, NULL, NULL, NULL, NULL, NULL, NULL, NULL, NULL);
INSERT INTO CONTRACT_HEADER
(CONTRACT_ID, AGENCY_ID, INSURER_ID, PAYMENT_PLAN_ID, PAYMENT_TERM_ID, INSURED_PARTY_ID, HOLDER_PARTY_ID, SECTION_ID, SUB_SECTION, COVERAGE_PLAN_ID, CONTRACT_FROM, CONTRACT_TO, CURRENCY_ID, CONTRACT_ISSUANCE_DATE, SALES_CHANNEL_ID, COINSURANCE_TRANSFER_RATE, COINSURANCE_CONTRACT_ID, CONTRACT_TRX_ID, CLIENT_CODE, REINSURANCE_PROGRAM_ID, REINSURANCE_CONTRACT_ID)
VALUES(319, 1, 1017, 1000, 2, 10903, 10903, 1, 1, 3, '2019-11-19 00:00:00.000', NULL, 1000, NULL, NULL, NULL, NULL, NULL, NULL, NULL, NULL);
INSERT INTO CONTRACT_HEADER
(CONTRACT_ID, AGENCY_ID, INSURER_ID, PAYMENT_PLAN_ID, PAYMENT_TERM_ID, INSURED_PARTY_ID, HOLDER_PARTY_ID, SECTION_ID, SUB_SECTION, COVERAGE_PLAN_ID, CONTRACT_FROM, CONTRACT_TO, CURRENCY_ID, CONTRACT_ISSUANCE_DATE, SALES_CHANNEL_ID, COINSURANCE_TRANSFER_RATE, COINSURANCE_CONTRACT_ID, CONTRACT_TRX_ID, CLIENT_CODE, REINSURANCE_PROGRAM_ID, REINSURANCE_CONTRACT_ID)
VALUES(324, 1, 1017, 1000, 3, 10998, 10998, 1, 1, 3, '2019-12-19 00:00:00.000', NULL, 1000, NULL, NULL, NULL, NULL, NULL, NULL, NULL, NULL);
INSERT INTO CONTRACT_HEADER
(CONTRACT_ID, AGENCY_ID, INSURER_ID, PAYMENT_PLAN_ID, PAYMENT_TERM_ID, INSURED_PARTY_ID, HOLDER_PARTY_ID, SECTION_ID, SUB_SECTION, COVERAGE_PLAN_ID, CONTRACT_FROM, CONTRACT_TO, CURRENCY_ID, CONTRACT_ISSUANCE_DATE, SALES_CHANNEL_ID, COINSURANCE_TRANSFER_RATE, COINSURANCE_CONTRACT_ID, CONTRACT_TRX_ID, CLIENT_CODE, REINSURANCE_PROGRAM_ID, REINSURANCE_CONTRACT_ID)
VALUES(173, 1, 1017, 1000, 4, 11001, 11001, 1, 1, 3, '2019-12-02 00:00:00.000', NULL, 1000, NULL, NULL, NULL, NULL, NULL, NULL, NULL, NULL);
INSERT INTO CONTRACT_HEADER
(CONTRACT_ID, AGENCY_ID, INSURER_ID, PAYMENT_PLAN_ID, PAYMENT_TERM_ID, INSURED_PARTY_ID, HOLDER_PARTY_ID, SECTION_ID, SUB_SECTION, COVERAGE_PLAN_ID, CONTRACT_FROM, CONTRACT_TO, CURRENCY_ID, CONTRACT_ISSUANCE_DATE, SALES_CHANNEL_ID, COINSURANCE_TRANSFER_RATE, COINSURANCE_CONTRACT_ID, CONTRACT_TRX_ID, CLIENT_CODE, REINSURANCE_PROGRAM_ID, REINSURANCE_CONTRACT_ID)
VALUES(347, 1, 1017, 1000, 5, 9999, 9999, 1, 1, 3, '2019-11-15 16:37:22.000', NULL, 1000, NULL, NULL, NULL, NULL, NULL, NULL, NULL, NULL);
